"Pass []","re(Mode(1)) [g]","re(Mode(2)) [g]","re(Mode(3)) [g]","re(Mode(4)) [g]"
1,2.56112865711528,2.83078002453534,3.0162533541263,4.91374907720791
2,3.08434358092635,3.51495061130679,3.70248682223721,4.9761638996765
3,3.47049119674749,3.86535644812478,4.06465030320414,4.99979696698818
4,3.71805265406294,3.99587468847787,4.20074839534943,5.59152540864054
5,3.80204132144954,4.06044336979493,4.26826678266825,5.85090879857071
