"Pass []","re(Mode(1)) [g]"
1,6.05755525894036
2,7.01564798455129
3,7.388179843452
4,7.57895245200521
5,7.64868741077086
6,7.70330787835229
7,7.73854931679707
8,7.76333500653035
9,7.78384745619586
10,7.79938278339533
11,7.81070309001927
12,7.81961185239795
13,7.82554781342048
14,7.8311240135529
15,7.83437303985418
16,
17,
18,
19,
20,
21,
22,
23,
24,
25,
