"Pass []","re(Mode(1)) [g]"
1,7.54086237933603
2,5.87391186888844
3,6.31166695515158
4,6.19291588421075
5,7.77945381828376
6,7.97347275936062
7,7.15253061328666
8,7.2985422557028
9,7.58400549528979
10,7.10976741655818
11,6.94606582023631
12,7.15052152697922
13,7.15818990506624
14,7.13042087102701
15,7.10533872198682
16,7.16395277970272
17,7.3379504268003
18,7.36814606162357
19,7.45926189488431
20,7.47940250095997
21,7.48859707228897
22,7.48847316066072
23,
24,
25,
26,
27,
28,
29,
30,
