"Pass []","re(Mode(1)) [g]"
1,3.10307731028549
2,3.69081114286187
3,3.9257749185911
4,4.0433648901774
5,4.09718271058377
6,4.13165478552656
7,4.15853674949677
8,4.17517543036318
9,4.18794402133546
10,4.19829031894272
11,4.20600764689183
12,4.21150535033189
13,4.21548465706072
14,4.21943500273434
15,4.22231664486106
16,4.22431470118157
17,
18,
19,
20,
21,
22,
23,
24,
25,
