,f_target,Freq1(GHz),Freq2(GHz),Freq_EPR1(MHz),Chi1_1(MHz),Freq_EPR2(MHz),Chi2_1(MHz),Chi2_2(MHz)
0,4.0,4.65010425326588,5.96959212660822,4417.867696887402,244.79056399861906,5969.086926598897,0.7912363977012634,0.0007802350502014159
