,f_target,Freq1(GHz),Freq2(GHz),Freq_EPR1(MHz),Chi1_1(MHz),Freq_EPR2(MHz),Chi2_1(MHz),Chi2_2(MHz)
0,3.2,3.7038839523012,5.43260198288272,3520.39260000625,193.29276061605358,5432.283874867888,0.5561343340435028,0.0004522487773895263
