,Freq1(GHz),Freq2(GHz),f_target,Lj,Cj,Freq_EPR1(MHz),Chi1_1(MHz),Freq_EPR2(MHz),Chi2_1(MHz),Chi2_2(MHz)
0,3.74151342373338,5.07068341861346,4,13.676453476080171nH,4.030668586052029fF,3596.9182007616814,148.05980583593748,5065.662133902683,8.389375925258635,0.13544896624946592
