,Freq1(GHz),Freq2(GHz),f_target,Lj,Cj,Freq_EPR1(MHz),Chi1_1(MHz),Freq_EPR2(MHz),Chi2_1(MHz),Chi2_2(MHz)
0,4.69981796651989,5.67215014760587,4,13.676453476080171nH,4.030668586052029fF,4467.214197667493,243.95268710533142,5666.708483825809,7.656560306978226,0.07767717392158507
