,Freq1(GHz),Freq2(GHz),f_target,Lj,Cj,Freq_EPR1(MHz),Chi1_1(MHz),Freq_EPR2(MHz),Chi2_1(MHz),Chi2_2(MHz)
0,4.27439648270259,6.12094842245873,4,13.676453476080171nH,4.030668586052029fF,4078.421362665885,205.70386843444632,6120.389559877317,0.9714512189998626,0.001299742275238037
