,Freq1(GHz),Freq2(GHz),f_target,Lj,Cj,Freq_EPR1(MHz),Chi1_1(MHz),Freq_EPR2(MHz),Chi2_1(MHz),Chi2_2(MHz)
0,3.79037452304609,5.19066046688367,4,13.676453476080171nH,4.030668586052029fF,3637.794001656942,159.0855765845022,5189.810075206232,1.4571808707675933,0.0038070027961730956
