,Freq1(GHz),Freq2(GHz),f_target,Lj,Cj,Freq_EPR1(MHz),Chi1_1(MHz),Freq_EPR2(MHz),Chi2_1(MHz),Chi2_2(MHz)
0,4.69024658691149,5.72601453814435,4,13.676453476080171nH,4.030668586052029fF,4454.011587655859,249.00553196799086,5724.906799849956,1.607415839166641,0.003320307579040527
