,Freq1(GHz),Freq2(GHz),f_target,Lj,Cj,Freq_EPR1(MHz),Chi1_1(MHz),Freq_EPR2(MHz),Chi2_1(MHz),Chi2_2(MHz)
0,4.63707921079339,5.71725287282188,4,13.676453476080171nH,4.030668586052029fF,4407.003101573317,242.06546611277102,5715.3195213315885,2.8544934338760375,0.01063280445098877
