,Freq1(GHz),Freq2(GHz),f_target,Lj,Cj,Freq_EPR1(MHz),Chi1_1(MHz),Freq_EPR2(MHz),Chi2_1(MHz),Chi2_2(MHz)
0,3.77846387700122,5.17496785752901,4,13.676453476080171nH,4.030668586052029fF,3626.9351654974507,157.90853804367066,5174.028924145872,1.6089848807125091,0.004673808444976806
