,Freq1(GHz),Freq2(GHz),f_target,Lj,Cj,Freq_EPR1(MHz),Chi1_1(MHz),Freq_EPR2(MHz),Chi2_1(MHz),Chi2_2(MHz)
0,4.30438692262556,6.08293739671228,4,13.676453476080171nH,4.030668586052029fF,4106.454281555503,207.40527076942442,6081.727359757052,2.080204197002411,0.005946448078155518
