,Pos1_x(mm),Pos2_x(mm),C_Q1_Q2(fF),C_Q1_g(fF),C_Q2_g(fF),Freq_Q1(GHz),Freq_Q2(GHz),Freq_C1(GHz),Freq_C2(GHz),Freq_Q1_EPR(MHz),Freq_Q2_EPR(MHz),Freq_C1_EPR(MHz),Freq_C2_EPR(MHz),chi_q12(MHz),chi_q1_c1(MHz),chi_q2_c1(MHz),chi_q1_c2(MHz),chi_q2_c2(MHz)
0,0,0.65,-0.50182,-106.47803,-96.49135,4.18111953434792,4.39160246067536,6.9713186013647,7.24615443419152,4001.828971415396,4193.315736152726,6970.389124551392,7245.025501091213,-5.929660322871208,1.7251107671470642,0.0032526621170043944,0.01658504689025879,2.0690453074760438
