,Pos1_x(mm),Pos2_x(mm),C_Q1_Q2(fF),C_Q1_g(fF),C_Q2_g(fF),Freq_Q1(GHz),Freq_Q2(GHz),Freq_C1(GHz),Freq_C2(GHz)
0,0,0.65,-0.50182,-106.47803,-96.49135,4.18111953434792,4.39160246067536,6.9713186013647,7.24615443419152
