,Freq1(GHz),Freq2(GHz),f_target,Lj,Cj,Freq_EPR1(MHz),Chi1_1(MHz),Freq_EPR2(MHz),Chi2_1(MHz),Chi2_2(MHz)
0,4.0679960084437,5.9404170734259,4,13.676453476080171nH,4.030668586052029fF,3890.630717526445,185.96635320886708,5940.2025384954095,0.3795186126060486,0.00021665579986572265
