,Freq1(GHz),Freq2(GHz),f_target,Lj,Cj,Freq_EPR1(MHz),Chi1_1(MHz),Freq_EPR2(MHz),Chi2_1(MHz),Chi2_2(MHz)
0,4.56856327975224,5.91726278486557,4,13.676453476080171nH,4.030668586052029fF,4344.927099553195,235.31343947740552,5916.289990797214,1.5424931029949187,0.003054888463973999
