,Freq1(GHz),Freq2(GHz),f_target,Lj,Cj,Freq_EPR1(MHz),Chi1_1(MHz),Freq_EPR2(MHz),Chi2_1(MHz),Chi2_2(MHz)
0,4.27188693351757,6.08884753878977,4,13.676453476080171nH,4.030668586052029fF,4077.0446907424457,203.99261946480084,6087.498610460383,2.331906481081009,0.007561793226242065
