,Freq1(GHz),Freq2(GHz),f_target,Lj,Cj,Freq_EPR1(MHz),Chi1_1(MHz),Freq_EPR2(MHz),Chi2_1(MHz),Chi2_2(MHz)
0,5.16474099433782,6.69463860273329,4.8,11.397044563400145nH,4.836802303262433fF,4924.811848045691,252.01460736608504,6693.720074473436,1.4727165792999266,0.002579954387664795
