,Freq1(GHz),Freq2(GHz),f_target,Lj,Cj,Freq_EPR1(MHz),Chi1_1(MHz),Freq_EPR2(MHz),Chi2_1(MHz),Chi2_2(MHz)
0,4.17915305810684,5.93053718271008,4,13.676453476080171nH,4.030668586052029fF,3992.0484027453817,196.36256475454235,5930.273068535078,0.45842573239326473,0.0003037015628814697
