,Freq1(GHz),Freq2(GHz),f_target,Lj,Cj,Freq_EPR1(MHz),Chi1_1(MHz),Freq_EPR2(MHz),Chi2_1(MHz),Chi2_2(MHz)
0,3.75294911374943,5.12289195774065,4,13.676453476080171nH,4.030668586052029fF,3605.1587456106618,152.93368727575205,5120.355943605705,4.307480161392212,0.034553982038497924
