,Freq1(GHz),Freq2(GHz),f_target,Lj,Cj,Freq_EPR1(MHz),Chi1_1(MHz),Freq_EPR2(MHz),Chi2_1(MHz),Chi2_2(MHz)
0,4.64454731137807,5.71318336501948,4,13.676453476080171nH,4.030668586052029fF,4413.653165310004,243.0297801963663,5711.496005148358,2.4828669381542205,0.008034160207748412
