,Pos1_x(mm),Pos2_x(mm),C_Q1_Q2(fF),C_Q1_g(fF),C_Q2_g(fF),Freq_Q1(GHz),Freq_Q2(GHz),Freq_C1(GHz),Freq_C2(GHz),Freq_Q1_EPR(MHz),Freq_Q2_EPR(MHz),Freq_C1_EPR(MHz),Freq_C2_EPR(MHz),chi_q12(MHz),chi_q1_c1(MHz),chi_q2_c1(MHz),chi_q1_c2(MHz),chi_q2_c2(MHz)
0,0,0.65,-0.00298,-107.56308,-97.78171,4.1719811940253,4.3701948102234,5.6927719974997,6.96168140526831,3993.490930570307,4175.094349823846,5692.771919697317,6960.766096503019,-4.67091908249855,0.00010100117301940917,2.984722328186035e-05,1.6982625966701508,0.004401315984725952
1,0,1.6333333333333333,-0.00298,-107.56308,-97.78171,4.16220118525718,4.37902804943597,5.69034179274102,5.90705466543772,3985.8321202260113,4182.580135228634,5690.34032574314,5904.855116136305,-0.0014065160274505614,0.0004515706157684326,0.0019883920974731444,6.432723999023438e-07,3.6577245796737667
2,0,2.6166666666666667,-0.00298,-107.56308,-97.78171,4.1643089905612,4.35729332368658,4.97851208909545,5.68887083264702,3987.780877333114,4166.843071844689,4971.058731548691,5688.869495661873,-1.8674850463867186e-08,1.6994647979736327e-06,9.41767299101448,0.0008651922416687011,0.0012959095249176025
