,airbridges,ab_density,C_0,C_1,Freq1(GHz)
0,True,50um,784.85029,-664.49089,7.52077123785651
1,False,50um,775.75373,-653.98073,7.48847316066072
