,airbridges,ab_density,C_0,C_1,Freq1(GHz)
0,True,50um,784.85029,-664.49089,7.52077123785651
1,True,70um,783.09788,-662.53627,7.48797371886982
2,True,90um,782.2628,-661.41966,7.4851442250856
3,True,110um,781.36705,-660.44307,7.48195271580912
4,True,130um,781.12692,-660.14103,7.47431380076576
5,True,150um,779.06186,-658.0074,7.47449716927309
