,pad_size(mm),coupling_len(um),Freq1(GHz),Freq2(GHz),Freq_EPR1(MHz),Chi1_1(MHz),Freq_EPR2(MHz),Chi2_1(MHz),Chi2_2(MHz)
0,0.17666666666666667,5.0,5.22408322123667,7.32643287472952,4940.112348347106,300.3903924194431,7325.6855888038435,1.2543465512561798,0.0015270178699493407
1,0.17666666666666667,5.0,5.22835353410089,7.63126492848096,4943.841971498504,300.9989009272766,7630.628643193594,1.0977365131988526,0.001145011245727539
2,0.17666666666666667,5.0,5.22456344450785,7.95842357530278,4940.418733660725,300.6310122609749,7957.884713344913,0.9527079173736572,0.0008487328701019287
3,0.17666666666666667,5.0,5.22780076325974,8.3177824618236,4943.260184845125,301.08126493020245,8317.311737344959,0.8498009802875518,0.0006650408363342285
4,0.20333333333333334,5.0,4.80032701964351,6.96496086356519,4561.914447314898,251.22902532998273,6964.408273073803,0.9598848988056182,0.001041597936630249
