,pad_size(mm),coupling_len(um),offset,C_CPW_Qb,C_CPW_Qbp,C_Qb_g
0,0.15,20.0,0.2,-5.84643,-51.65548,-57.42824
1,0.15,20.0,0.2833333333333333,-5.77839,-51.72104,-57.42792
