,pad_size(mm),coupling_len(um),buffer(um),offset,target_freq(GHz),target_res_freq(GHz),Cj (fF),Lj (nH),Small_Wrap,TQx,TQy,TQ_mir,C_CPW_Qb,C_CPW_Qbp,C_Qb_g,Freq1(GHz),Freq2(GHz),Freq_EPR1(MHz),Chi1_1(MHz),Freq_EPR2(MHz),Chi2_1(MHz),Chi2_2(MHz)
0,0.25,20.0,188.0,0.0,4.0,8.807372605569507,3.3923231627469788,13,False,-0.1mm,0.5mm,True,-8.0692,-95.76996,-103.80525,4.20240355418279,6.39799501875778,4021.0079695978197,190.05377593370721,6397.630966492236,0.6569381806488037,0.0006253115234375
