,pad_size(mm),coupling_len(um),buffer(um),offset,target_freq(GHz),target_res_freq(GHz),Freq1(GHz),Freq2(GHz),Freq_EPR1(MHz),Chi1_1(MHz),Freq_EPR2(MHz),Chi2_1(MHz),Chi2_2(MHz)
0,0.25,2.0,187.0,0.345,4.0,6.4,4.23963716186686,6.41295486615399,4055.0778743981045,193.483498893424,6412.6617565489805,0.5272405306415557,0.0003967724666595459
1,0.23500000000000001,2.0,199.0,0.4,4.2,6.6,4.40144491765305,6.59306899856258,4202.068580858647,209.3743496981926,6592.77606315793,0.5227751524238586,0.00036292750167846676
2,0.22,2.0,202.0,0.42,4.4,6.800000000000001,4.58096693953047,6.79287727579022,4364.453918073008,227.77271109669874,6792.55710657792,0.5662093327789306,0.00039433096504211423
