,pad_size(mm),coupling_len(um),offset,target_freq(GHz),Freq1(GHz),Freq2(GHz),Freq_EPR1(MHz),Chi1_1(MHz),Freq_EPR2(MHz),Chi2_1(MHz),Chi2_2(MHz)
0,0.25,5.0,0.4,4.0,4.24312085425492,6.36528882759048,4058.252067414583,193.84359135916043,6365.036623651412,0.45204295921897886,0.0002919727096557617
1,0.23,16.666666666666664,0.4,4.2,4.45243482578391,6.56862316832595,4248.308466144009,214.41387826488588,6568.228484288293,0.6980388691444397,0.0006361072521209717
2,0.23,28.333333333333332,0.4,4.2,4.44029196682029,6.55067156383301,4237.346202696607,213.07095244954968,6550.15746966405,0.9090627953701019,0.0010853054428100585
3,0.23,40.0,0.4,4.2,4.43214588614151,6.53576629517219,4230.017699296204,212.10248939511965,6535.108511813021,1.1624593529663085,0.0017826542167663573
4,0.23,5.0,0.4,4.2,4.45999985125287,6.58542985557193,4255.123603680929,215.28500514630508,6585.140008421673,0.5129629631977081,0.0003420820865631103
5,0.23,16.666666666666664,0.4,4.2,4.45243482578391,6.56862316832595,4248.308466144009,214.41387826488588,6568.228484288293,0.6980388691444397,0.0006361072521209717
6,0.23,28.333333333333332,0.4,4.2,4.44029196682029,6.55067156383301,4237.346202696607,213.07095244954968,6550.15746966405,0.9090627953701019,0.0010853054428100585
7,0.23,40.0,0.4,4.2,4.43214588614151,6.53576629517219,4230.017699296204,212.10248939511965,6535.108511813021,1.1624593529663085,0.0017826542167663573
8,0.21,5.0,0.4,4.4,4.7104513456813,6.77563315074622,4481.1279793236135,241.55346693850515,6775.282450061363,0.6078226543064117,0.00043514960479736325
