,Target Frequencies,Buffer,Offset,Sizes
0,4.0,189,0.35,250
1,4.2,199,0.4,235
2,4.4,202,0.42,220
3,4.6000000000000005,205,0.413,200
4,4.800000000000001,206,0.41,182
5,5.000000000000001,205,0.421,172
6,5.200000000000001,206,0.451,165
7,5.400000000000001,207,0.447,150
8,5.600000000000001,209,0.457,138
9,5.800000000000002,211,0.48,131
