,f_target,size,Lj,Freq1(GHz),Freq_EPR1(MHz),Chi1_1(MHz)
0,4.2,200.95904281029888,13,4.4077089117934,4208.312222620831,209.5553643840828
