,f_target,size,Lj,Freq1(GHz),Freq_EPR1(MHz),Chi1_1(MHz)
0,5.4,236.9230947301566,6,5.54173198861275,5400.1198710468525,145.92614784143828
