,f_target,size,Lj,Freq1(GHz),Freq_EPR1(MHz),Chi1_1(MHz)
0,5.0,217.75216781653538,8,5.17152393307832,5005.3998686953555,172.38946803752518
