,f_target,size,Lj,Freq1(GHz),Freq_EPR1(MHz),Chi1_1(MHz)
0,4.4,235.13629118394644,10,4.56790028354221,4405.090227011617,169.55755650486947
