,f_target,size,Lj,Freq1(GHz),Freq_EPR1(MHz),Chi1_1(MHz)
0,5.6,217.99719033204124,6,5.75987087994448,5606.428124074193,158.3077353284683
