,f_target,size,Lj,Freq1(GHz),Freq_EPR1(MHz),Chi1_1(MHz)
0,4.8,238.72932497260945,8,4.94977959335843,4797.661723051886,157.63057296882437
