,f_target,size,Lj,Freq1(GHz),Freq_EPR1(MHz),Chi1_1(MHz)
0,5.8,200.5376711337667,6,5.96996342029657,5804.610954248367,170.79433175331496
