,f_target,size,Lj,Freq1(GHz),Freq_EPR1(MHz),Chi1_1(MHz)
0,4.6,212.64452774675487,10,4.78543518718567,4606.449432431837,186.7265141966114
