,f_target,size,Lj,Freq1(GHz),Freq_EPR1(MHz),Chi1_1(MHz)
0,4.0,222.17095644814603,13,4.18437088925019,4005.3499240020606,187.71952838315963
