,f_target,size,Lj,Freq1(GHz),Freq_EPR1(MHz),Chi1_1(MHz)
0,5.2,200.24279936358064,8,5.38396299669755,5203.3183107950745,187.73838551618195
