,pos1,pos2,C_Q1_Q2(fF),C_Q1_g(fF),C_Q2_g(fF),Freq1(GHz),Freq2(GHz),Freq_EPR1(MHz),Chi1_1(MHz),Freq_EPR2(MHz),Chi2_1(MHz),Chi2_2(MHz)
0,_0_0_,_1_0_,-0.02261,-81.95023,-102.19312,4.46055277479973,5.32189938678952,4305.180197312331,161.68634164584063,5145.111461456094,0.00016386538887023925,183.67458122518158
1,_1_0_,_2_0_,-0.11959,-102.26,-91.56944,4.46141612210436,5.10082013813927,4306.011951941503,161.71578044897365,4938.908294235133,0.008233494117736816,167.95417417625998
2,_1_0_,_3_0_,-0.00418,-102.31416,-83.22384,4.36655760250487,4.46685436502352,4170.104387099852,206.4393850850439,4310.984255416439,-1.6404638290405273e-06,162.21529227098654
