,Pos1_x(mm),Pos2_x(mm),C_Q1_Q2(fF),C_Q1_g(fF),C_Q2_g(fF),Freq_Q1(GHz),Freq_Q2(GHz),Freq_C1(GHz),Freq_C2(GHz)
0,0,0.65,-0.50182,-106.47803,-96.49135,4.18111953434793,4.39160246067536,6.97131860136469,7.2461544341915
1,0,2.1888888888888887,-0.00764,-107.19653,-97.18247,4.18094598742722,4.39166120129329,6.97232059132835,7.24565840175164
2,0,3.7277777777777774,-0.00317,-107.14334,-97.1211,4.18205105776075,4.3924108548045,6.96920142145756,7.2466916106162
3,0,5.266666666666667,-0.00224,-107.17889,-97.23063,4.18059065561544,4.38993006125316,6.97355464532426,7.24455889018733
