,C_CPW_Qb,C_CPW_g,Freq1(GHz),Freq2(GHz),Freq_EPR1(GHz),Freq_EPR2(GHz),Chi2_1(MHz)
0,-82.0802,-82.0802,4.7734230790634,7.38067056875574,4538.057671044572,7378.89362081022,3.1776942451934813
