,Pos1_x(mm),Pos2_x(mm),C_Q1_Q2(fF),C_Q1_g(fF),C_Q2_g(fF)
0,0,0.65,-0.50182,-106.47803,-96.49135
1,0,2.1888888888888887,-0.00764,-107.19653,-97.18247
2,0,3.7277777777777774,-0.00317,-107.14334,-97.1211
