,Pos1_x(mm),Pos2_x(mm),C_Q1_Q2(fF),C_Q1_g(fF),C_Q2_g(fF),Freq1(GHz),Freq2(GHz),Freq3(GHz),Freq4(GHz),Freq5(GHz),Freq_EPR1(GHz),Freq_EPR2(GHz),Chi2_1(MHz),Freq_EPR3(GHz),Chi3_1(MHz),Chi3_2(MHz),Freq_EPR4(GHz),Chi4_1(MHz),Chi4_2(MHz),Chi4_3(MHz),Freq_EPR5(GHz),Chi5_1(MHz),Chi5_2(MHz),Chi5_3(MHz),Chi5_4(MHz)
0,0,0.65,-0.49206,-106.62302,-96.79325,3.75137055344939,4.15014872055983,4.36470820412694,6.95745622300482,7.23350751300747,3751.3658528710616,3973.5318264849675,0.08283338366127013,4168.855994869014,0.00562408474445343,-7.282084393795013,6956.560074388659,6.403377914428711e-05,1.6669248192176818,0.002922894203186035,7232.4097617121315,1.4398567199707031e-05,0.015696895336151123,2.0160785883541106,6.115669059753418e-05
