,pad_size(mm),coupling_len(um),C_CPW_Qb,C_CPW_Qbp,C_Qb_g,Freq1(GHz),Freq2(GHz),Freq_EPR1(GHz),Freq_EPR2(GHz),Chi2_1(MHz)
0,0.20000000000000004,80.0,-11.73622,-71.60181,-82.9802,4.7727472049822,6.8984889297028,4537.737889588655,6896.272497171631,3.8235115284576415
