,guess_path,C_Q1_Q2(fF),C_Q1_g(fF),C_Q2_g(fF),Freq1(GHz),Freq2(GHz),Freq3(GHz),Freq4(GHz),Freq_EPR1(MHz),Chi1_1(MHz),Freq_EPR2(MHz),Chi2_1(MHz),Chi2_2(MHz),Freq_EPR3(MHz),Chi3_1(MHz),Chi3_2(MHz),Chi3_3(MHz),Freq_EPR4(MHz),Chi4_1(MHz),Chi4_2(MHz),Chi4_3(MHz),Chi4_4(MHz)
0,data\educated_guess_0403.csv,-0.06761,-104.64603,-83.10384,4.18742340169345,4.69098474863242,6.371349364745,6.79315775164793,4077.954851260126,112.4688474213829,4690.983627530013,0.0016039143676757812,7.333755493164062e-09,6370.808788327941,1.0083064811878204,8.532863616943359e-06,0.0024069306030273436,6793.1576678831925,0.0001580188980102539,1.4362335205078125e-09,7.516517639160156e-07,1.392364501953125e-10
