,Pos1_x(mm),Pos2_x(mm),C_Q1_Q2(fF),C_Q1_g(fF),C_Q2_g(fF),Freq_Q1(GHz),Freq_Q2(GHz),Freq_C1(GHz),Freq_C2(GHz),Freq_Q1_EPR(MHz),Freq_Q2_EPR(MHz),Freq_C1_EPR(MHz),Freq_C2_EPR(MHz),chi_q12(MHz),chi_q1_c1(MHz),chi_q2_c1(MHz),chi_q1_c2(MHz),chi_q2_c2(MHz)
0,0,0.65,-0.50182,-106.47803,-96.49135,4.18111953434793,4.39160246067536,6.97131860136469,7.2461544341915,4001.82897142111,4193.3157361537615,6970.389124551459,7245.025501091243,-5.929660322165489,1.7251107671985626,0.003252662094116211,0.016585046918869018,2.069045307462692
1,0,2.1888888888888887,-0.00764,-107.19653,-97.18247,4.18094598742722,4.39166120129329,6.97232059132835,7.24565840175164,4001.693327589835,4193.322814704629,6971.387204643814,7244.538671562311,-1.2832576751708983e-05,1.7356496598796844,4.527931213378906e-07,1.8823299407958984e-06,2.068460275535583
